{
  "__comment": "Model generated using MrCrayfish's Model Creator (https://mrcrayfish.com/tools?id=mc)",
  "display": {
    "gui": {
      "rotation": [
        26,
        45,
        0
      ],
      "translation": [
        0,
        0,
        0
      ],
      "scale": [
        0.625,
        0.625,
        0.625
      ]
    },
    "ground": {
      "rotation": [
        0,
        0,
        0
      ],
      "translation": [
        0,
        3,
        0
      ],
      "scale": [
        0.25,
        0.25,
        0.25
      ]
    },
    "fixed": {
      "rotation": [
        0,
        61,
        0
      ],
      "translation": [
        0,
        0,
        0
      ],
      "scale": [
        1,
        1,
        1
      ]
    },
    "head": {
      "rotation": [
        0,
        180,
        0
      ],
      "translation": [
        0,
        0,
        0
      ],
      "scale": [
        1,
        1,
        1
      ]
    },
    "firstperson_righthand": {
      "rotation": [
        0,
        360,
        0
      ],
      "translation": [
        0,
        2.5,
        0
      ],
      "scale": [
        0.4,
        0.4,
        0.4
      ]
    },
    "thirdperson_righthand": {
      "rotation": [
        0,
        21,
        0
      ],
      "translation": [
        0,
        2.5,
        0
      ],
      "scale": [
        0.375,
        0.375,
        0.375
      ]
    }
  },
  "elements": [
    {
      "name": "mainbody",
      "from": [
        2,
        1,
        -15
      ],
      "to": [
        14,
        13,
        9
      ],
      "faces": {
        "north": {
          "texture": "#wool_colored_gray",
          "uv": [
            0,
            0,
            12,
            12
          ]
        },
        "east": {
          "texture": "#wool_colored_gray",
          "uv": [
            0,
            0,
            16,
            12
          ]
        },
        "south": {
          "texture": "#wool_colored_gray",
          "uv": [
            0,
            0,
            12,
            12
          ]
        },
        "west": {
          "texture": "#wool_colored_gray",
          "uv": [
            0,
            0,
            16,
            12
          ]
        },
        "up": {
          "texture": "#wool_colored_gray",
          "uv": [
            0,
            0,
            12,
            16
          ]
        },
        "down": {
          "texture": "#wool_colored_gray",
          "uv": [
            0,
            0,
            12,
            16
          ]
        }
      }
    },
    {
      "name": "carfloor",
      "from": [
        1,
        1,
        9
      ],
      "to": [
        15,
        2,
        22
      ],
      "faces": {
        "north": {
          "texture": "#wool_colored_gray",
          "uv": [
            0,
            0,
            14,
            1
          ]
        },
        "east": {
          "texture": "#wool_colored_gray",
          "uv": [
            0,
            0,
            13,
            1
          ]
        },
        "south": {
          "texture": "#planks_birch",
          "uv": [
            0,
            0,
            14,
            1
          ]
        },
        "west": {
          "texture": "#wool_colored_gray",
          "uv": [
            0,
            0,
            13,
            1
          ]
        },
        "up": {
          "texture": "#planks_birch",
          "uv": [
            0,
            0,
            14,
            13
          ]
        },
        "down": {
          "texture": "#wool_colored_gray",
          "uv": [
            0,
            0,
            14,
            13
          ]
        }
      }
    },
    {
      "name": "car_nw_pole",
      "from": [
        1,
        2,
        9
      ],
      "to": [
        2,
        25,
        10
      ],
      "faces": {
        "north": {
          "texture": "#wool_colored_gray",
          "uv": [
            0,
            0,
            1,
            16
          ]
        },
        "east": {
          "texture": "#wool_colored_gray",
          "uv": [
            0,
            0,
            1,
            16
          ]
        },
        "south": {
          "texture": "#wool_colored_gray",
          "uv": [
            0,
            0,
            1,
            16
          ]
        },
        "west": {
          "texture": "#wool_colored_gray",
          "uv": [
            0,
            0,
            1,
            16
          ]
        }
      }
    },
    {
      "name": "car_nw_pole",
      "from": [
        14,
        2,
        9
      ],
      "to": [
        15,
        25,
        10
      ],
      "faces": {
        "north": {
          "texture": "#wool_colored_gray",
          "uv": [
            0,
            0,
            1,
            16
          ]
        },
        "east": {
          "texture": "#wool_colored_gray",
          "uv": [
            0,
            0,
            1,
            16
          ]
        },
        "south": {
          "texture": "#wool_colored_gray",
          "uv": [
            0,
            0,
            1,
            16
          ]
        },
        "west": {
          "texture": "#wool_colored_gray",
          "uv": [
            0,
            0,
            1,
            16
          ]
        }
      }
    },
    {
      "name": "car_westwall",
      "from": [
        1,
        2,
        10
      ],
      "to": [
        3,
        12,
        22
      ],
      "faces": {
        "north": {
          "texture": "#wool_colored_gray",
          "uv": [
            0,
            0,
            2,
            10
          ]
        },
        "east": {
          "texture": "#wool_colored_gray",
          "uv": [
            0,
            0,
            12,
            10
          ]
        },
        "south": {
          "texture": "#wool_colored_gray",
          "uv": [
            0,
            0,
            2,
            10
          ]
        },
        "west": {
          "texture": "#wool_colored_gray",
          "uv": [
            0,
            0,
            12,
            10
          ]
        },
        "up": {
          "texture": "#wool_colored_gray",
          "uv": [
            0,
            0,
            2,
            12
          ]
        }
      }
    },
    {
      "name": "car_eastwall",
      "from": [
        13,
        2,
        10
      ],
      "to": [
        15,
        12,
        22
      ],
      "faces": {
        "north": {
          "texture": "#wool_colored_gray",
          "uv": [
            0,
            0,
            2,
            10
          ]
        },
        "east": {
          "texture": "#wool_colored_gray",
          "uv": [
            0,
            0,
            12,
            10
          ]
        },
        "south": {
          "texture": "#wool_colored_gray",
          "uv": [
            0,
            0,
            2,
            10
          ]
        },
        "west": {
          "texture": "#wool_colored_gray",
          "uv": [
            0,
            0,
            12,
            10
          ]
        },
        "up": {
          "texture": "#wool_colored_gray",
          "uv": [
            0,
            0,
            2,
            12
          ]
        }
      }
    },
    {
      "name": "car_sw_pole",
      "from": [
        14,
        12,
        21
      ],
      "to": [
        15,
        25,
        22
      ],
      "faces": {
        "north": {
          "texture": "#wool_colored_gray",
          "uv": [
            0,
            0,
            1,
            13
          ]
        },
        "east": {
          "texture": "#wool_colored_gray",
          "uv": [
            0,
            0,
            1,
            13
          ]
        },
        "south": {
          "texture": "#wool_colored_gray",
          "uv": [
            0,
            0,
            1,
            13
          ]
        },
        "west": {
          "texture": "#wool_colored_gray",
          "uv": [
            0,
            0,
            1,
            13
          ]
        }
      }
    },
    {
      "name": "car_se_pole",
      "from": [
        1,
        12,
        21
      ],
      "to": [
        2,
        25,
        22
      ],
      "faces": {
        "north": {
          "texture": "#wool_colored_gray",
          "uv": [
            0,
            0,
            1,
            13
          ]
        },
        "east": {
          "texture": "#wool_colored_gray",
          "uv": [
            0,
            0,
            1,
            13
          ]
        },
        "south": {
          "texture": "#wool_colored_gray",
          "uv": [
            0,
            0,
            1,
            13
          ]
        },
        "west": {
          "texture": "#wool_colored_gray",
          "uv": [
            0,
            0,
            1,
            13
          ]
        }
      }
    },
    {
      "name": "carroof",
      "from": [
        1,
        25,
        9
      ],
      "to": [
        15,
        26,
        22
      ],
      "faces": {
        "north": {
          "texture": "#wool_colored_gray",
          "uv": [
            0,
            0,
            14,
            1
          ]
        },
        "east": {
          "texture": "#wool_colored_gray",
          "uv": [
            0,
            0,
            13,
            1
          ]
        },
        "south": {
          "texture": "#wool_colored_gray",
          "uv": [
            0,
            0,
            14,
            1
          ]
        },
        "west": {
          "texture": "#wool_colored_gray",
          "uv": [
            0,
            0,
            13,
            1
          ]
        },
        "up": {
          "texture": "#wool_colored_gray",
          "uv": [
            0,
            0,
            14,
            13
          ]
        },
        "down": {
          "texture": "#wool_colored_gray",
          "uv": [
            0,
            0,
            14,
            13
          ]
        }
      }
    },
    {
      "name": "firebox1",
      "from": [
        6.5,
        13.6,
        -11
      ],
      "to": [
        9.4,
        22.1,
        6
      ],
      "faces": {
        "north": {
          "texture": "#wool_colored_gray",
          "uv": [
            0,
            0,
            2.9,
            8.5
          ]
        },
        "east": {
          "texture": "#wool_colored_gray",
          "uv": [
            0,
            0,
            16,
            8.5
          ]
        },
        "south": {
          "texture": "#wool_colored_gray",
          "uv": [
            0,
            0,
            2.9,
            8.5
          ]
        },
        "west": {
          "texture": "#wool_colored_gray",
          "uv": [
            0,
            0,
            16,
            8.5
          ]
        },
        "up": {
          "texture": "#wool_colored_gray",
          "uv": [
            0,
            0,
            2.9,
            16
          ]
        }
      }
    },
    {
      "name": "firebox2",
      "from": [
        3.8,
        16.5,
        -11
      ],
      "to": [
        12.2,
        19.4,
        6
      ],
      "faces": {
        "north": {
          "texture": "#wool_colored_gray",
          "uv": [
            0,
            0,
            8.4,
            2.9
          ]
        },
        "east": {
          "texture": "#wool_colored_gray",
          "uv": [
            0,
            0,
            16,
            2.9
          ]
        },
        "south": {
          "texture": "#wool_colored_gray",
          "uv": [
            0,
            0,
            8.4,
            2.9
          ]
        },
        "west": {
          "texture": "#wool_colored_gray",
          "uv": [
            0,
            0,
            16,
            2.9
          ]
        },
        "up": {
          "texture": "#wool_colored_gray",
          "uv": [
            0,
            0,
            8.4,
            16
          ]
        },
        "down": {
          "texture": "#wool_colored_gray",
          "uv": [
            0,
            0,
            8.4,
            16
          ]
        }
      }
    },
    {
      "name": "firebox3",
      "from": [
        -3,
        13,
        -11
      ],
      "to": [
        5,
        17,
        6
      ],
      "rotation": {
        "origin": [
          8,
          8,
          8
        ],
        "axis": "z",
        "angle": -45.0
      },
      "faces": {
        "north": {
          "texture": "#wool_colored_gray",
          "uv": [
            0,
            0,
            8,
            4
          ]
        },
        "east": {
          "texture": "#wool_colored_gray",
          "uv": [
            0,
            0,
            16,
            4
          ]
        },
        "south": {
          "texture": "#wool_colored_gray",
          "uv": [
            0,
            0,
            8,
            4
          ]
        },
        "west": {
          "texture": "#wool_colored_gray",
          "uv": [
            0,
            0,
            16,
            4
          ]
        },
        "up": {
          "texture": "#wool_colored_gray",
          "uv": [
            0,
            0,
            8,
            16
          ]
        },
        "down": {
          "texture": "#wool_colored_gray",
          "uv": [
            0,
            0,
            8,
            16
          ]
        }
      }
    },
    {
      "name": "firebox3",
      "from": [
        11,
        13,
        -11
      ],
      "to": [
        19,
        17,
        6
      ],
      "rotation": {
        "origin": [
          8,
          8,
          8
        ],
        "axis": "z",
        "angle": 45.0
      },
      "faces": {
        "north": {
          "texture": "#wool_colored_gray",
          "uv": [
            0,
            0,
            8,
            4
          ]
        },
        "east": {
          "texture": "#wool_colored_gray",
          "uv": [
            0,
            0,
            16,
            4
          ]
        },
        "south": {
          "texture": "#wool_colored_gray",
          "uv": [
            0,
            0,
            8,
            4
          ]
        },
        "west": {
          "texture": "#wool_colored_gray",
          "uv": [
            0,
            0,
            16,
            4
          ]
        },
        "up": {
          "texture": "#wool_colored_gray",
          "uv": [
            0,
            0,
            8,
            16
          ]
        },
        "down": {
          "texture": "#wool_colored_gray",
          "uv": [
            0,
            0,
            8,
            16
          ]
        }
      }
    },
    {
      "name": "light1",
      "from": [
        -1,
        13,
        -12
      ],
      "to": [
        3,
        17,
        -11
      ],
      "rotation": {
        "origin": [
          8,
          8,
          8
        ],
        "axis": "z",
        "angle": -45.0
      },
      "faces": {
        "north": {
          "texture": "#wool_colored_gray",
          "uv": [
            0,
            0,
            4,
            4
          ]
        },
        "east": {
          "texture": "#wool_colored_gray",
          "uv": [
            0,
            0,
            1,
            4
          ]
        },
        "south": {
          "texture": "#wool_colored_gray",
          "uv": [
            0,
            0,
            4,
            4
          ]
        },
        "west": {
          "texture": "#wool_colored_gray",
          "uv": [
            0,
            0,
            1,
            4
          ]
        },
        "up": {
          "texture": "#wool_colored_gray",
          "uv": [
            0,
            0,
            4,
            1
          ]
        },
        "down": {
          "texture": "#wool_colored_gray",
          "uv": [
            0,
            0,
            4,
            1
          ]
        }
      }
    },
    {
      "name": "light2",
      "from": [
        0,
        14,
        -13
      ],
      "to": [
        2,
        16,
        -12
      ],
      "rotation": {
        "origin": [
          8,
          8,
          8
        ],
        "axis": "z",
        "angle": -45.0
      },
      "faces": {
        "north": {
          "texture": "#glass_white",
          "uv": [
            0,
            0,
            1,
            1
          ]
        },
        "east": {
          "texture": "#glass_white",
          "uv": [
            0,
            0,
            1,
            2
          ]
        },
        "south": {
          "texture": "#glass_white",
          "uv": [
            0,
            0,
            2,
            2
          ]
        },
        "west": {
          "texture": "#glass_white",
          "uv": [
            0,
            0,
            1,
            2
          ]
        },
        "up": {
          "texture": "#glass_white",
          "uv": [
            0,
            0,
            2,
            1
          ]
        },
        "down": {
          "texture": "#glass_white",
          "uv": [
            0,
            0,
            2,
            1
          ]
        }
      }
    },
    {
      "name": "firebox4",
      "from": [
        6.4,
        13,
        -11
      ],
      "to": [
        9.4,
        14,
        6
      ],
      "faces": {
        "north": {
          "texture": "#wool_colored_gray",
          "uv": [
            0,
            0,
            3,
            1
          ]
        },
        "east": {
          "texture": "#wool_colored_gray",
          "uv": [
            0,
            0,
            16,
            1
          ]
        },
        "south": {
          "texture": "#wool_colored_gray",
          "uv": [
            0,
            0,
            3,
            1
          ]
        },
        "west": {
          "texture": "#wool_colored_gray",
          "uv": [
            0,
            0,
            16,
            1
          ]
        }
      }
    },
    {
      "name": "rail1",
      "from": [
        2,
        13,
        -13
      ],
      "to": [
        3,
        14,
        9
      ],
      "faces": {
        "north": {
          "texture": "#wool_colored_red",
          "uv": [
            0,
            0,
            1,
            1
          ]
        },
        "east": {
          "texture": "#wool_colored_red",
          "uv": [
            0,
            0,
            16,
            1
          ]
        },
        "south": {
          "texture": "#wool_colored_red",
          "uv": [
            0,
            0,
            1,
            1
          ]
        },
        "west": {
          "texture": "#wool_colored_red",
          "uv": [
            0,
            0,
            16,
            1
          ]
        },
        "up": {
          "texture": "#wool_colored_red",
          "uv": [
            0,
            0,
            1,
            16
          ]
        }
      }
    },
    {
      "name": "rail2",
      "from": [
        13,
        13,
        -13
      ],
      "to": [
        14,
        14,
        9
      ],
      "faces": {
        "north": {
          "texture": "#wool_colored_red",
          "uv": [
            0,
            0,
            1,
            1
          ]
        },
        "east": {
          "texture": "#wool_colored_red",
          "uv": [
            0,
            0,
            16,
            1
          ]
        },
        "south": {
          "texture": "#wool_colored_red",
          "uv": [
            0,
            0,
            1,
            1
          ]
        },
        "west": {
          "texture": "#wool_colored_red",
          "uv": [
            0,
            0,
            16,
            1
          ]
        },
        "up": {
          "texture": "#wool_colored_red",
          "uv": [
            0,
            0,
            1,
            16
          ]
        }
      }
    },
    {
      "name": "westwheel1a",
      "from": [
        0,
        0,
        13
      ],
      "to": [
        1,
        8,
        17
      ],
      "faces": {
        "north": {
          "texture": "#planks_birch",
          "uv": [
            0,
            0,
            1,
            8
          ]
        },
        "east": {
          "texture": "#planks_birch",
          "uv": [
            0,
            0,
            4,
            8
          ]
        },
        "south": {
          "texture": "#planks_birch",
          "uv": [
            0,
            0,
            1,
            8
          ]
        },
        "west": {
          "texture": "#planks_birch",
          "uv": [
            0,
            0,
            4,
            8
          ]
        },
        "up": {
          "texture": "#planks_birch",
          "uv": [
            0,
            0,
            1,
            4
          ]
        },
        "down": {
          "texture": "#planks_birch",
          "uv": [
            0,
            0,
            1,
            4
          ]
        }
      }
    },
    {
      "name": "westwheel1b",
      "from": [
        0,
        2,
        11
      ],
      "to": [
        1,
        6,
        19
      ],
      "faces": {
        "north": {
          "texture": "#planks_birch",
          "uv": [
            0,
            0,
            1,
            4
          ]
        },
        "south": {
          "texture": "#planks_birch",
          "uv": [
            0,
            0,
            1,
            4
          ]
        },
        "west": {
          "texture": "#planks_birch",
          "uv": [
            0,
            0,
            8,
            4
          ]
        },
        "up": {
          "texture": "#planks_birch",
          "uv": [
            0,
            0,
            1,
            8
          ]
        },
        "down": {
          "texture": "#planks_birch",
          "uv": [
            0,
            0,
            1,
            8
          ]
        }
      }
    },
    {
      "name": "westwheel1c",
      "from": [
        0,
        1,
        12
      ],
      "to": [
        1,
        7,
        18
      ],
      "faces": {
        "north": {
          "texture": "#planks_birch",
          "uv": [
            0,
            0,
            1,
            6
          ]
        },
        "east": {
          "texture": "#planks_birch",
          "uv": [
            0,
            0,
            6,
            6
          ]
        },
        "south": {
          "texture": "#planks_birch",
          "uv": [
            0,
            0,
            1,
            6
          ]
        },
        "west": {
          "texture": "#planks_birch",
          "uv": [
            0,
            0,
            6,
            6
          ]
        },
        "up": {
          "texture": "#planks_birch",
          "uv": [
            0,
            0,
            1,
            6
          ]
        },
        "down": {
          "texture": "#planks_birch",
          "uv": [
            0,
            0,
            1,
            6
          ]
        }
      }
    },
    {
      "name": "westwheel1d",
      "from": [
        -1,
        1,
        14
      ],
      "to": [
        0,
        7,
        16
      ],
      "faces": {
        "north": {
          "texture": "#wool_colored_black",
          "uv": [
            0,
            0,
            1,
            6
          ]
        },
        "south": {
          "texture": "#wool_colored_black",
          "uv": [
            0,
            0,
            1,
            6
          ]
        },
        "west": {
          "texture": "#wool_colored_black",
          "uv": [
            0,
            0,
            2,
            6
          ]
        },
        "up": {
          "texture": "#wool_colored_black",
          "uv": [
            0,
            0,
            1,
            2
          ]
        },
        "down": {
          "texture": "#wool_colored_black",
          "uv": [
            0,
            0,
            1,
            2
          ]
        }
      }
    },
    {
      "name": "westwheel1e",
      "from": [
        -1,
        3,
        12
      ],
      "to": [
        0,
        5,
        18
      ],
      "faces": {
        "north": {
          "texture": "#wool_colored_black",
          "uv": [
            0,
            0,
            1,
            2
          ]
        },
        "south": {
          "texture": "#wool_colored_black",
          "uv": [
            0,
            0,
            1,
            2
          ]
        },
        "west": {
          "texture": "#wool_colored_black",
          "uv": [
            0,
            0,
            6,
            2
          ]
        },
        "up": {
          "texture": "#wool_colored_black",
          "uv": [
            0,
            0,
            1,
            6
          ]
        },
        "down": {
          "texture": "#wool_colored_black",
          "uv": [
            0,
            0,
            1,
            6
          ]
        }
      }
    },
    {
      "name": "westwheel2a",
      "from": [
        1,
        0,
        0
      ],
      "to": [
        2,
        8,
        4
      ],
      "faces": {
        "north": {
          "texture": "#planks_birch",
          "uv": [
            0,
            0,
            1,
            8
          ]
        },
        "east": {
          "texture": "#planks_birch",
          "uv": [
            0,
            0,
            4,
            8
          ]
        },
        "south": {
          "texture": "#planks_birch",
          "uv": [
            0,
            0,
            1,
            8
          ]
        },
        "west": {
          "texture": "#planks_birch",
          "uv": [
            0,
            0,
            4,
            8
          ]
        },
        "up": {
          "texture": "#planks_birch",
          "uv": [
            0,
            0,
            1,
            4
          ]
        },
        "down": {
          "texture": "#planks_birch",
          "uv": [
            0,
            0,
            1,
            4
          ]
        }
      }
    },
    {
      "name": "westwheel2b",
      "from": [
        1,
        2,
        -2
      ],
      "to": [
        2,
        6,
        6
      ],
      "faces": {
        "north": {
          "texture": "#planks_birch",
          "uv": [
            0,
            0,
            1,
            4
          ]
        },
        "south": {
          "texture": "#planks_birch",
          "uv": [
            0,
            0,
            1,
            4
          ]
        },
        "west": {
          "texture": "#planks_birch",
          "uv": [
            0,
            0,
            8,
            4
          ]
        },
        "up": {
          "texture": "#planks_birch",
          "uv": [
            0,
            0,
            1,
            8
          ]
        },
        "down": {
          "texture": "#planks_birch",
          "uv": [
            0,
            0,
            1,
            8
          ]
        }
      }
    },
    {
      "name": "westwheel2c",
      "from": [
        1,
        1,
        -1
      ],
      "to": [
        2,
        7,
        5
      ],
      "faces": {
        "north": {
          "texture": "#planks_birch",
          "uv": [
            0,
            0,
            1,
            6
          ]
        },
        "south": {
          "texture": "#planks_birch",
          "uv": [
            0,
            0,
            1,
            6
          ]
        },
        "west": {
          "texture": "#planks_birch",
          "uv": [
            0,
            0,
            6,
            6
          ]
        },
        "up": {
          "texture": "#planks_birch",
          "uv": [
            0,
            0,
            1,
            6
          ]
        },
        "down": {
          "texture": "#planks_birch",
          "uv": [
            0,
            0,
            1,
            6
          ]
        }
      }
    },
    {
      "name": "westwheel2d",
      "from": [
        0,
        1,
        1
      ],
      "to": [
        1,
        7,
        3
      ],
      "faces": {
        "north": {
          "texture": "#wool_colored_black",
          "uv": [
            0,
            0,
            1,
            6
          ]
        },
        "south": {
          "texture": "#wool_colored_black",
          "uv": [
            0,
            0,
            1,
            6
          ]
        },
        "west": {
          "texture": "#wool_colored_black",
          "uv": [
            0,
            0,
            2,
            6
          ]
        },
        "up": {
          "texture": "#wool_colored_black",
          "uv": [
            0,
            0,
            1,
            2
          ]
        },
        "down": {
          "texture": "#wool_colored_black",
          "uv": [
            0,
            0,
            1,
            2
          ]
        }
      }
    },
    {
      "name": "westwheel2e",
      "from": [
        0,
        3,
        -1
      ],
      "to": [
        1,
        5,
        5
      ],
      "faces": {
        "north": {
          "texture": "#wool_colored_black",
          "uv": [
            0,
            0,
            1,
            2
          ]
        },
        "south": {
          "texture": "#wool_colored_black",
          "uv": [
            0,
            0,
            1,
            2
          ]
        },
        "west": {
          "texture": "#wool_colored_black",
          "uv": [
            0,
            0,
            6,
            2
          ]
        },
        "up": {
          "texture": "#wool_colored_black",
          "uv": [
            0,
            0,
            1,
            6
          ]
        },
        "down": {
          "texture": "#wool_colored_black",
          "uv": [
            0,
            0,
            1,
            6
          ]
        }
      }
    },
    {
      "name": "eastwheel1a",
      "from": [
        15,
        0,
        13
      ],
      "to": [
        16,
        8,
        17
      ],
      "faces": {
        "north": {
          "texture": "#planks_birch",
          "uv": [
            0,
            0,
            1,
            8
          ]
        },
        "east": {
          "texture": "#planks_birch",
          "uv": [
            0,
            0,
            4,
            8
          ]
        },
        "south": {
          "texture": "#planks_birch",
          "uv": [
            0,
            0,
            1,
            8
          ]
        },
        "west": {
          "texture": "#planks_birch",
          "uv": [
            0,
            0,
            4,
            8
          ]
        },
        "up": {
          "texture": "#planks_birch",
          "uv": [
            0,
            0,
            1,
            4
          ]
        },
        "down": {
          "texture": "#planks_birch",
          "uv": [
            0,
            0,
            1,
            4
          ]
        }
      }
    },
    {
      "name": "eastwheel1b",
      "from": [
        15,
        2,
        11
      ],
      "to": [
        16,
        6,
        19
      ],
      "faces": {
        "north": {
          "texture": "#planks_birch",
          "uv": [
            0,
            0,
            1,
            4
          ]
        },
        "east": {
          "texture": "#planks_birch",
          "uv": [
            0,
            0,
            8,
            4
          ]
        },
        "south": {
          "texture": "#planks_birch",
          "uv": [
            0,
            0,
            1,
            4
          ]
        },
        "up": {
          "texture": "#planks_birch",
          "uv": [
            0,
            0,
            1,
            8
          ]
        },
        "down": {
          "texture": "#planks_birch",
          "uv": [
            0,
            0,
            1,
            8
          ]
        }
      }
    },
    {
      "name": "eastwheel1c",
      "from": [
        15,
        1,
        12
      ],
      "to": [
        16,
        7,
        18
      ],
      "faces": {
        "north": {
          "texture": "#planks_birch",
          "uv": [
            0,
            0,
            1,
            6
          ]
        },
        "east": {
          "texture": "#planks_birch",
          "uv": [
            0,
            0,
            6,
            6
          ]
        },
        "south": {
          "texture": "#planks_birch",
          "uv": [
            0,
            0,
            1,
            6
          ]
        },
        "west": {
          "texture": "#planks_birch",
          "uv": [
            0,
            0,
            6,
            6
          ]
        },
        "up": {
          "texture": "#planks_birch",
          "uv": [
            0,
            0,
            1,
            6
          ]
        },
        "down": {
          "texture": "#planks_birch",
          "uv": [
            0,
            0,
            1,
            6
          ]
        }
      }
    },
    {
      "name": "eastwheel1d",
      "from": [
        16,
        1,
        14
      ],
      "to": [
        17,
        7,
        16
      ],
      "faces": {
        "north": {
          "texture": "#wool_colored_black",
          "uv": [
            0,
            0,
            1,
            6
          ]
        },
        "east": {
          "texture": "#wool_colored_black",
          "uv": [
            0,
            0,
            2,
            6
          ]
        },
        "south": {
          "texture": "#wool_colored_black",
          "uv": [
            0,
            0,
            1,
            6
          ]
        },
        "up": {
          "texture": "#wool_colored_black",
          "uv": [
            0,
            0,
            1,
            2
          ]
        },
        "down": {
          "texture": "#wool_colored_black",
          "uv": [
            0,
            0,
            1,
            2
          ]
        }
      }
    },
    {
      "name": "eastwheel1e",
      "from": [
        16,
        3,
        12
      ],
      "to": [
        17,
        5,
        18
      ],
      "faces": {
        "north": {
          "texture": "#wool_colored_black",
          "uv": [
            0,
            0,
            1,
            2
          ]
        },
        "east": {
          "texture": "#wool_colored_black",
          "uv": [
            0,
            0,
            6,
            2
          ]
        },
        "south": {
          "texture": "#wool_colored_black",
          "uv": [
            0,
            0,
            1,
            2
          ]
        },
        "up": {
          "texture": "#wool_colored_black",
          "uv": [
            0,
            0,
            1,
            6
          ]
        },
        "down": {
          "texture": "#wool_colored_black",
          "uv": [
            0,
            0,
            1,
            6
          ]
        }
      }
    },
    {
      "name": "eastwheel2a",
      "from": [
        14,
        0,
        0
      ],
      "to": [
        15,
        8,
        4
      ],
      "faces": {
        "north": {
          "texture": "#planks_birch",
          "uv": [
            0,
            0,
            1,
            8
          ]
        },
        "east": {
          "texture": "#planks_birch",
          "uv": [
            0,
            0,
            4,
            8
          ]
        },
        "south": {
          "texture": "#planks_birch",
          "uv": [
            0,
            0,
            1,
            8
          ]
        },
        "west": {
          "texture": "#planks_birch",
          "uv": [
            0,
            0,
            4,
            8
          ]
        },
        "up": {
          "texture": "#planks_birch",
          "uv": [
            0,
            0,
            1,
            4
          ]
        },
        "down": {
          "texture": "#planks_birch",
          "uv": [
            0,
            0,
            1,
            4
          ]
        }
      }
    },
    {
      "name": "eastwheel2b",
      "from": [
        14,
        2,
        -2
      ],
      "to": [
        15,
        6,
        6
      ],
      "faces": {
        "north": {
          "texture": "#planks_birch",
          "uv": [
            0,
            0,
            1,
            4
          ]
        },
        "east": {
          "texture": "#planks_birch",
          "uv": [
            0,
            0,
            8,
            4
          ]
        },
        "south": {
          "texture": "#planks_birch",
          "uv": [
            0,
            0,
            1,
            4
          ]
        },
        "up": {
          "texture": "#planks_birch",
          "uv": [
            0,
            0,
            1,
            8
          ]
        },
        "down": {
          "texture": "#planks_birch",
          "uv": [
            0,
            0,
            1,
            8
          ]
        }
      }
    },
    {
      "name": "eastwheel2c",
      "from": [
        14,
        1,
        -1
      ],
      "to": [
        15,
        7,
        5
      ],
      "faces": {
        "north": {
          "texture": "#planks_birch",
          "uv": [
            0,
            0,
            1,
            6
          ]
        },
        "east": {
          "texture": "#planks_birch",
          "uv": [
            0,
            0,
            6,
            6
          ]
        },
        "south": {
          "texture": "#planks_birch",
          "uv": [
            0,
            0,
            1,
            6
          ]
        },
        "up": {
          "texture": "#planks_birch",
          "uv": [
            0,
            -1,
            1,
            5
          ]
        },
        "down": {
          "texture": "#planks_birch",
          "uv": [
            0,
            0,
            1,
            6
          ]
        }
      }
    },
    {
      "name": "eastwheel2d",
      "from": [
        15,
        1,
        1
      ],
      "to": [
        16,
        7,
        3
      ],
      "faces": {
        "north": {
          "texture": "#wool_colored_black",
          "uv": [
            0,
            0,
            1,
            6
          ]
        },
        "east": {
          "texture": "#wool_colored_black",
          "uv": [
            0,
            0,
            2,
            6
          ]
        },
        "south": {
          "texture": "#wool_colored_black",
          "uv": [
            0,
            0,
            1,
            6
          ]
        },
        "up": {
          "texture": "#wool_colored_black",
          "uv": [
            0,
            0,
            1,
            2
          ]
        },
        "down": {
          "texture": "#wool_colored_black",
          "uv": [
            0,
            0,
            1,
            2
          ]
        }
      }
    },
    {
      "name": "eastwheel2e",
      "from": [
        15,
        3,
        -1
      ],
      "to": [
        16,
        5,
        5
      ],
      "faces": {
        "north": {
          "texture": "#wool_colored_black",
          "uv": [
            0,
            0,
            1,
            2
          ]
        },
        "east": {
          "texture": "#wool_colored_black",
          "uv": [
            0,
            0,
            6,
            2
          ]
        },
        "south": {
          "texture": "#wool_colored_black",
          "uv": [
            0,
            0,
            1,
            2
          ]
        },
        "up": {
          "texture": "#wool_colored_black",
          "uv": [
            0,
            0,
            1,
            6
          ]
        },
        "down": {
          "texture": "#wool_colored_black",
          "uv": [
            0,
            0,
            1,
            6
          ]
        }
      }
    },
    {
      "name": "frontpart",
      "from": [
        3,
        2,
        -17
      ],
      "to": [
        13,
        6,
        -14
      ],
      "faces": {
        "north": {
          "texture": "#wool_colored_black",
          "uv": [
            0,
            0,
            10,
            4
          ]
        },
        "east": {
          "texture": "#wool_colored_black",
          "uv": [
            0,
            0,
            3,
            4
          ]
        },
        "west": {
          "texture": "#wool_colored_black",
          "uv": [
            0,
            0,
            3,
            4
          ]
        },
        "up": {
          "texture": "#wool_colored_black",
          "uv": [
            0,
            0,
            10,
            3
          ]
        },
        "down": {
          "texture": "#wool_colored_black",
          "uv": [
            0,
            0,
            10,
            3
          ]
        }
      }
    },
    {
      "name": "smokestack1",
      "from": [
        6,
        21,
        -9
      ],
      "to": [
        10,
        28,
        -4
      ],
      "faces": {
        "north": {
          "texture": "#wool_colored_black",
          "uv": [
            0,
            0,
            4,
            7
          ]
        },
        "east": {
          "texture": "#wool_colored_black",
          "uv": [
            0,
            0,
            5,
            7
          ]
        },
        "south": {
          "texture": "#wool_colored_black",
          "uv": [
            0,
            0,
            4,
            7
          ]
        },
        "west": {
          "texture": "#wool_colored_black",
          "uv": [
            0,
            0,
            5,
            7
          ]
        }
      }
    },
    {
      "name": "smokestack2",
      "from": [
        5,
        27,
        -10
      ],
      "to": [
        11,
        29,
        -3
      ],
      "faces": {
        "north": {
          "texture": "#wool_colored_black",
          "uv": [
            0,
            0,
            6,
            2
          ]
        },
        "east": {
          "texture": "#wool_colored_black",
          "uv": [
            0,
            0,
            7,
            2
          ]
        },
        "south": {
          "texture": "#wool_colored_black",
          "uv": [
            0,
            0,
            6,
            2
          ]
        },
        "west": {
          "texture": "#wool_colored_black",
          "uv": [
            0,
            0,
            7,
            2
          ]
        },
        "up": {
          "texture": "#wool_colored_black",
          "uv": [
            0,
            0,
            6,
            7
          ]
        },
        "down": {
          "texture": "#wool_colored_black",
          "uv": [
            0,
            0,
            6,
            7
          ]
        }
      }
    },
    {
      "name": "smallstack",
      "from": [
        7,
        21,
        0
      ],
      "to": [
        9,
        26,
        2
      ],
      "faces": {
        "north": {
          "texture": "#wool_colored_black",
          "uv": [
            0,
            0,
            2,
            5
          ]
        },
        "east": {
          "texture": "#wool_colored_black",
          "uv": [
            0,
            0,
            2,
            5
          ]
        },
        "south": {
          "texture": "#wool_colored_black",
          "uv": [
            0,
            0,
            2,
            5
          ]
        },
        "west": {
          "texture": "#wool_colored_black",
          "uv": [
            0,
            0,
            2,
            5
          ]
        },
        "up": {
          "texture": "#wool_colored_black",
          "uv": [
            0,
            0,
            2,
            2
          ]
        }
      }
    },
    {
      "name": "westsmallwheel",
      "from": [
        1,
        0,
        -12
      ],
      "to": [
        2,
        3,
        -9
      ],
      "faces": {
        "north": {
          "texture": "#planks_birch",
          "uv": [
            0,
            0,
            1,
            3
          ]
        },
        "east": {
          "texture": "#planks_birch",
          "uv": [
            0,
            0,
            3,
            3
          ]
        },
        "south": {
          "texture": "#planks_birch",
          "uv": [
            0,
            0,
            1,
            3
          ]
        },
        "west": {
          "texture": "#planks_birch",
          "uv": [
            0,
            0,
            3,
            3
          ]
        },
        "up": {
          "texture": "#planks_birch",
          "uv": [
            0,
            0,
            1,
            3
          ]
        },
        "down": {
          "texture": "#planks_birch",
          "uv": [
            0,
            0,
            1,
            3
          ]
        }
      }
    },
    {
      "name": "westsmallwheelmiddle",
      "from": [
        0,
        1,
        -11
      ],
      "to": [
        1,
        2,
        -10
      ],
      "faces": {
        "north": {
          "texture": "#wool_colored_black",
          "uv": [
            0,
            0,
            1,
            1
          ]
        },
        "south": {
          "texture": "#wool_colored_black",
          "uv": [
            0,
            0,
            1,
            1
          ]
        },
        "west": {
          "texture": "#wool_colored_black",
          "uv": [
            0,
            0,
            1,
            1
          ]
        },
        "up": {
          "texture": "#wool_colored_black",
          "uv": [
            0,
            0,
            1,
            1
          ]
        },
        "down": {
          "texture": "#wool_colored_black",
          "uv": [
            0,
            0,
            1,
            1
          ]
        }
      }
    },
    {
      "name": "eastsmallwheel",
      "from": [
        14,
        0,
        -12
      ],
      "to": [
        15,
        3,
        -9
      ],
      "faces": {
        "north": {
          "texture": "#planks_birch",
          "uv": [
            0,
            0,
            1,
            3
          ]
        },
        "east": {
          "texture": "#planks_birch",
          "uv": [
            0,
            0,
            3,
            3
          ]
        },
        "south": {
          "texture": "#planks_birch",
          "uv": [
            0,
            0,
            1,
            3
          ]
        },
        "west": {
          "texture": "#planks_birch",
          "uv": [
            0,
            0,
            3,
            3
          ]
        },
        "up": {
          "texture": "#planks_birch",
          "uv": [
            0,
            0,
            1,
            3
          ]
        },
        "down": {
          "texture": "#planks_birch",
          "uv": [
            0,
            0,
            1,
            3
          ]
        }
      }
    },
    {
      "name": "eastsmallwheelmiddle",
      "from": [
        15,
        1,
        -11
      ],
      "to": [
        16,
        2,
        -10
      ],
      "faces": {
        "north": {
          "texture": "#wool_colored_black",
          "uv": [
            0,
            0,
            1,
            1
          ]
        },
        "east": {
          "texture": "#wool_colored_black",
          "uv": [
            0,
            0,
            1,
            1
          ]
        },
        "south": {
          "texture": "#wool_colored_black",
          "uv": [
            0,
            0,
            1,
            1
          ]
        },
        "up": {
          "texture": "#wool_colored_black",
          "uv": [
            0,
            0,
            1,
            1
          ]
        },
        "down": {
          "texture": "#wool_colored_black",
          "uv": [
            0,
            0,
            1,
            1
          ]
        }
      }
    }
  ]
}